{"img_001.jpg43013":{"filename":"img_001.jpg","size":43013,"regions":[{"shape_attributes":{"name":"rect","x":70,"y":35,"width":113,"height":225},"region_attributes":{"class":"Right"}},{"shape_attributes":{"name":"rect","x":183,"y":47,"width":99,"height":212},"region_attributes":{"class":"Front"}}],"file_attributes":{}},"img_002.jpg22798":{"filename":"img_002.jpg","size":22798,"regions":[{"shape_attributes":{"name":"rect","x":143,"y":30,"width":123,"height":236},"region_attributes":{"class":"Front"}}],"file_attributes":{}},"img_003.jpg23316":{"filename":"img_003.jpg","size":23316,"regions":[{"shape_attributes":{"name":"rect","x":119,"y":12,"width":164,"height":374},"region_attributes":{"class":"Front"}}],"file_attributes":{}},"img_004.jpg30831":{"filename":"img_004.jpg","size":30831,"regions":[{"shape_attributes":{"name":"rect","x":82,"y":85,"width":112,"height":219},"region_attributes":{"class":"Front"}},{"shape_attributes":{"name":"rect","x":194,"y":16,"width":115,"height":238},"region_attributes":{"class":"Left"}}],"file_attributes":{}},"img_005.jpg48480":{"filename":"img_005.jpg","size":48480,"regions":[{"shape_attributes":{"name":"rect","x":234,"y":30,"width":70,"height":138},"region_attributes":{"class":"Left"}}],"file_attributes":{}},"img_006.jpg29252":{"filename":"img_006.jpg","size":29252,"regions":[{"shape_attributes":{"name":"rect","x":105,"y":43,"width":110,"height":132},"region_attributes":{"class":"UpRight"}},{"shape_attributes":{"name":"rect","x":199,"y":32,"width":65,"height":131},"region_attributes":{"class":"Front"}}],"file_attributes":{}},"img_007.jpg30412":{"filename":"img_007.jpg","size":30412,"regions":[{"shape_attributes":{"name":"rect","x":112,"y":1,"width":164,"height":393},"region_attributes":{"class":"Front"}}],"file_attributes":{}},"img_008.jpg43899":{"filename":"img_008.jpg","size":43899,"regions":[{"shape_attributes":{"name":"rect","x":115,"y":1,"width":206,"height":382},"region_attributes":{"class":"Front"}}],"file_attributes":{}},"img_009.jpg33052":{"filename":"img_009.jpg","size":33052,"regions":[{"shape_attributes":{"name":"rect","x":128,"y":16,"width":149,"height":139},"region_attributes":{"class":"Front"}}],"file_attributes":{}},"img_010.jpg45398":{"filename":"img_010.jpg","size":45398,"regions":[{"shape_attributes":{"name":"rect","x":132,"y":23,"width":53,"height":110},"region_attributes":{"class":"Front"}},{"shape_attributes":{"name":"rect","x":205,"y":47,"width":52,"height":88},"region_attributes":{"class":"Front"}}],"file_attributes":{}},"img_011.jpg37430":{"filename":"img_011.jpg","size":37430,"regions":[{"shape_attributes":{"name":"rect","x":189,"y":108,"width":78,"height":146},"region_attributes":{"class":"Front"}},{"shape_attributes":{"name":"rect","x":39,"y":2,"width":82,"height":114},"region_attributes":{"class":"Right"}}],"file_attributes":{}},"img_012.jpg45741":{"filename":"img_012.jpg","size":45741,"regions":[{"shape_attributes":{"name":"rect","x":19,"y":99,"width":88,"height":170},"region_attributes":{"class":"Front"}},{"shape_attributes":{"name":"rect","x":104,"y":33,"width":105,"height":180},"region_attributes":{"class":"Front"}},{"shape_attributes":{"name":"rect","x":263,"y":24,"width":112,"height":170},"region_attributes":{"class":"Front"}},{"shape_attributes":{"name":"rect","x":213,"y":143,"width":33,"height":62},"region_attributes":{"class":"Right"}}],"file_attributes":{}},"img_013.jpg52920":{"filename":"img_013.jpg","size":52920,"regions":[{"shape_attributes":{"name":"rect","x":63,"y":64,"width":49,"height":91},"region_attributes":{"class":"Front"}},{"shape_attributes":{"name":"rect","x":133,"y":35,"width":42,"height":90},"region_attributes":{"class":"Front"}},{"shape_attributes":{"name":"rect","x":196,"y":63,"width":44,"height":83},"region_attributes":{"class":"Front"}},{"shape_attributes":{"name":"rect","x":260,"y":42,"width":54,"height":86},"region_attributes":{"class":"Front"}}],"file_attributes":{}},"img_014.jpg44621":{"filename":"img_014.jpg","size":44621,"regions":[{"shape_attributes":{"name":"rect","x":130,"y":22,"width":105,"height":180},"region_attributes":{"class":"Front"}},{"shape_attributes":{"name":"rect","x":55,"y":158,"width":75,"height":147},"region_attributes":{"class":"Front"}}],"file_attributes":{}},"img_015.jpg33337":{"filename":"img_015.jpg","size":33337,"regions":[{"shape_attributes":{"name":"rect","x":1,"y":1,"width":156,"height":346},"region_attributes":{"class":"Down"}},{"shape_attributes":{"name":"rect","x":196,"y":72,"width":129,"height":285},"region_attributes":{"class":"Front"}}],"file_attributes":{}},"img_016.jpg36737":{"filename":"img_016.jpg","size":36737,"regions":[{"shape_attributes":{"name":"rect","x":150,"y":46,"width":102,"height":271},"region_attributes":{"class":"DownRight"}}],"file_attributes":{}},"img_017.jpg37168":{"filename":"img_017.jpg","size":37168,"regions":[{"shape_attributes":{"name":"rect","x":92,"y":63,"width":78,"height":77},"region_attributes":{"class":"Front"}},{"shape_attributes":{"name":"rect","x":182,"y":70,"width":68,"height":72},"region_attributes":{"class":"Front"}},{"shape_attributes":{"name":"rect","x":254,"y":81,"width":64,"height":63},"region_attributes":{"class":"Front"}}],"file_attributes":{}},"img_018.jpg51606":{"filename":"img_018.jpg","size":51606,"regions":[{"shape_attributes":{"name":"rect","x":85,"y":34,"width":88,"height":104},"region_attributes":{"class":"Front"}},{"shape_attributes":{"name":"rect","x":175,"y":88,"width":64,"height":73},"region_attributes":{"class":"Front"}},{"shape_attributes":{"name":"rect","x":245,"y":69,"width":91,"height":109},"region_attributes":{"class":"Left"}}],"file_attributes":{}},"img_019.jpg49481":{"filename":"img_019.jpg","size":49481,"regions":[{"shape_attributes":{"name":"rect","x":98,"y":14,"width":60,"height":70},"region_attributes":{"class":"Left"}},{"shape_attributes":{"name":"rect","x":291,"y":51,"width":48,"height":53},"region_attributes":{"class":"Left"}},{"shape_attributes":{"name":"rect","x":341,"y":46,"width":31,"height":41},"region_attributes":{"class":"Left"}},{"shape_attributes":{"name":"rect","x":202,"y":63,"width":40,"height":50},"region_attributes":{"class":"Front"}}],"file_attributes":{}},"img_020.jpg53357":{"filename":"img_020.jpg","size":53357,"regions":[{"shape_attributes":{"name":"rect","x":132,"y":49,"width":43,"height":85},"region_attributes":{"class":"Right"}},{"shape_attributes":{"name":"rect","x":221,"y":16,"width":51,"height":86},"region_attributes":{"class":"DownRight"}}],"file_attributes":{}},"img_021.jpg35969":{"filename":"img_021.jpg","size":35969,"regions":[{"shape_attributes":{"name":"rect","x":56,"y":46,"width":67,"height":130},"region_attributes":{"class":"Right"}},{"shape_attributes":{"name":"rect","x":286,"y":42,"width":57,"height":116},"region_attributes":{"class":"Left"}}],"file_attributes":{}},"img_022.jpg53912":{"filename":"img_022.jpg","size":53912,"regions":[{"shape_attributes":{"name":"rect","x":110,"y":125,"width":80,"height":151},"region_attributes":{"class":"Front"}},{"shape_attributes":{"name":"rect","x":207,"y":113,"width":86,"height":128},"region_attributes":{"class":"Front"}},{"shape_attributes":{"name":"rect","x":211,"y":272,"width":66,"height":97},"region_attributes":{"class":"Front"}},{"shape_attributes":{"name":"rect","x":92,"y":284,"width":71,"height":115},"region_attributes":{"class":"Front"}}],"file_attributes":{}},"img_023.jpg57704":{"filename":"img_023.jpg","size":57704,"regions":[{"shape_attributes":{"name":"rect","x":88,"y":44,"width":69,"height":70},"region_attributes":{"class":"Right"}},{"shape_attributes":{"name":"rect","x":242,"y":6,"width":58,"height":68},"region_attributes":{"class":"Front"}}],"file_attributes":{}},"img_024.jpg72603":{"filename":"img_024.jpg","size":72603,"regions":[{"shape_attributes":{"name":"rect","x":168,"y":45,"width":84,"height":105},"region_attributes":{"class":"Front"}},{"shape_attributes":{"name":"rect","x":277,"y":96,"width":79,"height":105},"region_attributes":{"class":"Front"}},{"shape_attributes":{"name":"rect","x":66,"y":100,"width":77,"height":90},"region_attributes":{"class":"Front"}}],"file_attributes":{}},"img_025.jpg36182":{"filename":"img_025.jpg","size":36182,"regions":[{"shape_attributes":{"name":"rect","x":95,"y":0,"width":80,"height":123},"region_attributes":{"class":"Right"}},{"shape_attributes":{"name":"rect","x":176,"y":27,"width":57,"height":126},"region_attributes":{"class":"Front"}},{"shape_attributes":{"name":"rect","x":232,"y":71,"width":71,"height":127},"region_attributes":{"class":"Front"}}],"file_attributes":{}},"img_026.jpg39182":{"filename":"img_026.jpg","size":39182,"regions":[{"shape_attributes":{"name":"rect","x":40,"y":28,"width":133,"height":130},"region_attributes":{"class":"Right"}},{"shape_attributes":{"name":"rect","x":240,"y":25,"width":110,"height":125},"region_attributes":{"class":"Right"}},{"shape_attributes":{"name":"rect","x":339,"y":35,"width":45,"height":82},"region_attributes":{"class":"Right"}},{"shape_attributes":{"name":"rect","x":157,"y":26,"width":73,"height":106},"region_attributes":{"class":"Right"}},{"shape_attributes":{"name":"rect","x":9,"y":28,"width":27,"height":106},"region_attributes":{"class":"Right"}}],"file_attributes":{}},"img_027.jpg34431":{"filename":"img_027.jpg","size":34431,"regions":[{"shape_attributes":{"name":"rect","x":15,"y":23,"width":81,"height":88},"region_attributes":{"class":"Front"}},{"shape_attributes":{"name":"rect","x":179,"y":39,"width":80,"height":96},"region_attributes":{"class":"Front"}},{"shape_attributes":{"name":"rect","x":287,"y":7,"width":99,"height":95},"region_attributes":{"class":"Front"}}],"file_attributes":{}},"img_028.jpg49631":{"filename":"img_028.jpg","size":49631,"regions":[{"shape_attributes":{"name":"rect","x":112,"y":71,"width":59,"height":132},"region_attributes":{"class":"Front"}},{"shape_attributes":{"name":"rect","x":235,"y":48,"width":54,"height":133},"region_attributes":{"class":"Front"}},{"shape_attributes":{"name":"rect","x":162,"y":33,"width":80,"height":161},"region_attributes":{"class":"Front"}}],"file_attributes":{}},"img_029.jpg41214":{"filename":"img_029.jpg","size":41214,"regions":[{"shape_attributes":{"name":"rect","x":111,"y":78,"width":49,"height":133},"region_attributes":{"class":"Front"}},{"shape_attributes":{"name":"rect","x":167,"y":33,"width":62,"height":158},"region_attributes":{"class":"Left"}},{"shape_attributes":{"name":"rect","x":230,"y":14,"width":68,"height":137},"region_attributes":{"class":"Left"}}],"file_attributes":{}},"img_030.jpg43711":{"filename":"img_030.jpg","size":43711,"regions":[{"shape_attributes":{"name":"rect","x":121,"y":5,"width":169,"height":301},"region_attributes":{"class":"Right"}}],"file_attributes":{}},"img_031.jpg50713":{"filename":"img_031.jpg","size":50713,"regions":[{"shape_attributes":{"name":"rect","x":155,"y":27,"width":63,"height":74},"region_attributes":{"class":"Front"}}],"file_attributes":{}},"img_032.jpg45992":{"filename":"img_032.jpg","size":45992,"regions":[{"shape_attributes":{"name":"rect","x":80,"y":19,"width":180,"height":244},"region_attributes":{"class":"Right"}}],"file_attributes":{}},"img_033.jpg53368":{"filename":"img_033.jpg","size":53368,"regions":[{"shape_attributes":{"name":"rect","x":208,"y":25,"width":40,"height":67},"region_attributes":{"class":"Front"}}],"file_attributes":{}},"img_034.jpg49732":{"filename":"img_034.jpg","size":49732,"regions":[{"shape_attributes":{"name":"rect","x":0,"y":70,"width":296,"height":151},"region_attributes":{"class":"Front"}},{"shape_attributes":{"name":"rect","x":44,"y":198,"width":354,"height":155},"region_attributes":{"class":"Front"}}],"file_attributes":{}},"img_035.jpg77935":{"filename":"img_035.jpg","size":77935,"regions":[{"shape_attributes":{"name":"rect","x":209,"y":37,"width":66,"height":92},"region_attributes":{"class":"Left"}}],"file_attributes":{}},"img_036.jpg58141":{"filename":"img_036.jpg","size":58141,"regions":[{"shape_attributes":{"name":"rect","x":64,"y":66,"width":55,"height":56},"region_attributes":{"class":"Front"}},{"shape_attributes":{"name":"rect","x":160,"y":44,"width":63,"height":65},"region_attributes":{"class":"Front"}},{"shape_attributes":{"name":"rect","x":253,"y":53,"width":63,"height":57},"region_attributes":{"class":"Front"}},{"shape_attributes":{"name":"rect","x":347,"y":87,"width":37,"height":36},"region_attributes":{"class":"Back"}}],"file_attributes":{}},"img_037.jpg38308":{"filename":"img_037.jpg","size":38308,"regions":[{"shape_attributes":{"name":"rect","x":172,"y":124,"width":62,"height":135},"region_attributes":{"class":"Front"}},{"shape_attributes":{"name":"rect","x":230,"y":164,"width":80,"height":121},"region_attributes":{"class":"UpRight"}}],"file_attributes":{}},"img_038.jpg65186":{"filename":"img_038.jpg","size":65186,"regions":[{"shape_attributes":{"name":"rect","x":201,"y":29,"width":38,"height":64},"region_attributes":{"class":"Front"}}],"file_attributes":{}},"img_039.jpg63072":{"filename":"img_039.jpg","size":63072,"regions":[{"shape_attributes":{"name":"rect","x":83,"y":130,"width":56,"height":82},"region_attributes":{"class":"Front"}}],"file_attributes":{}},"img_040.jpg57534":{"filename":"img_040.jpg","size":57534,"regions":[{"shape_attributes":{"name":"rect","x":157,"y":64,"width":41,"height":66},"region_attributes":{"class":"Right"}}],"file_attributes":{}},"img_041.jpg46170":{"filename":"img_041.jpg","size":46170,"regions":[{"shape_attributes":{"name":"rect","x":146,"y":39,"width":119,"height":218},"region_attributes":{"class":"Front"}}],"file_attributes":{}},"img_042.jpg53745":{"filename":"img_042.jpg","size":53745,"regions":[{"shape_attributes":{"name":"rect","x":190,"y":9,"width":45,"height":66},"region_attributes":{"class":"Front"}}],"file_attributes":{}},"img_043.jpg67641":{"filename":"img_043.jpg","size":67641,"regions":[{"shape_attributes":{"name":"rect","x":188,"y":17,"width":65,"height":76},"region_attributes":{"class":"Front"}},{"shape_attributes":{"name":"rect","x":235,"y":309,"width":78,"height":85},"region_attributes":{"class":"Front"}}],"file_attributes":{}},"img_044.jpg49048":{"filename":"img_044.jpg","size":49048,"regions":[{"shape_attributes":{"name":"rect","x":179,"y":19,"width":108,"height":190},"region_attributes":{"class":"Front"}}],"file_attributes":{}},"img_045.jpg49223":{"filename":"img_045.jpg","size":49223,"regions":[{"shape_attributes":{"name":"rect","x":264,"y":81,"width":50,"height":50},"region_attributes":{"class":"Left"}}],"file_attributes":{}},"img_046.jpg39331":{"filename":"img_046.jpg","size":39331,"regions":[{"shape_attributes":{"name":"rect","x":130,"y":54,"width":207,"height":329},"region_attributes":{"class":"Left"}}],"file_attributes":{}},"img_047.jpg46797":{"filename":"img_047.jpg","size":46797,"regions":[{"shape_attributes":{"name":"rect","x":191,"y":103,"width":119,"height":231},"region_attributes":{"class":"Left"}}],"file_attributes":{}},"img_048.jpg41395":{"filename":"img_048.jpg","size":41395,"regions":[{"shape_attributes":{"name":"rect","x":77,"y":83,"width":92,"height":110},"region_attributes":{"class":"Front"}},{"shape_attributes":{"name":"rect","x":173,"y":150,"width":36,"height":47},"region_attributes":{"class":"Front"}},{"shape_attributes":{"name":"rect","x":222,"y":139,"width":33,"height":54},"region_attributes":{"class":"Left"}}],"file_attributes":{}},"img_049.jpg44658":{"filename":"img_049.jpg","size":44658,"regions":[{"shape_attributes":{"name":"rect","x":110,"y":50,"width":162,"height":167},"region_attributes":{"class":"Down"}}],"file_attributes":{}},"img_050.jpg40225":{"filename":"img_050.jpg","size":40225,"regions":[{"shape_attributes":{"name":"rect","x":101,"y":59,"width":205,"height":294},"region_attributes":{"class":"Left"}}],"file_attributes":{}},"img_051.jpg46462":{"filename":"img_051.jpg","size":46462,"regions":[{"shape_attributes":{"name":"rect","x":183,"y":38,"width":142,"height":259},"region_attributes":{"class":"Front"}}],"file_attributes":{}},"img_052.jpg44414":{"filename":"img_052.jpg","size":44414,"regions":[{"shape_attributes":{"name":"rect","x":116,"y":2,"width":180,"height":298},"region_attributes":{"class":"Front"}}],"file_attributes":{}},"img_053.jpg42785":{"filename":"img_053.jpg","size":42785,"regions":[{"shape_attributes":{"name":"rect","x":133,"y":24,"width":143,"height":239},"region_attributes":{"class":"Front"}}],"file_attributes":{}},"img_054.jpg37685":{"filename":"img_054.jpg","size":37685,"regions":[{"shape_attributes":{"name":"rect","x":174,"y":9,"width":88,"height":156},"region_attributes":{"class":"Left"}}],"file_attributes":{}},"img_055.jpg49093":{"filename":"img_055.jpg","size":49093,"regions":[{"shape_attributes":{"name":"rect","x":151,"y":58,"width":96,"height":84},"region_attributes":{"class":"Front"}}],"file_attributes":{}},"img_056.jpg32743":{"filename":"img_056.jpg","size":32743,"regions":[{"shape_attributes":{"name":"rect","x":186,"y":178,"width":38,"height":40},"region_attributes":{"class":"Up"}}],"file_attributes":{}},"img_057.jpg69225":{"filename":"img_057.jpg","size":69225,"regions":[{"shape_attributes":{"name":"rect","x":75,"y":34,"width":48,"height":90},"region_attributes":{"class":"Right"}},{"shape_attributes":{"name":"rect","x":309,"y":60,"width":39,"height":77},"region_attributes":{"class":"Front"}}],"file_attributes":{}},"img_058.jpg59171":{"filename":"img_058.jpg","size":59171,"regions":[{"shape_attributes":{"name":"rect","x":107,"y":74,"width":66,"height":126},"region_attributes":{"class":"Front"}},{"shape_attributes":{"name":"rect","x":186,"y":37,"width":71,"height":146},"region_attributes":{"class":"Front"}}],"file_attributes":{}},"img_059.jpg37069":{"filename":"img_059.jpg","size":37069,"regions":[{"shape_attributes":{"name":"rect","x":132,"y":-1,"width":120,"height":248},"region_attributes":{"class":"Down"}}],"file_attributes":{}},"img_060.jpg36539":{"filename":"img_060.jpg","size":36539,"regions":[{"shape_attributes":{"name":"rect","x":123,"y":14,"width":75,"height":128},"region_attributes":{"class":"Up"}}],"file_attributes":{}},"img_061.jpg33958":{"filename":"img_061.jpg","size":33958,"regions":[{"shape_attributes":{"name":"rect","x":124,"y":32,"width":134,"height":217},"region_attributes":{"class":"Front"}}],"file_attributes":{}},"img_062.jpg30301":{"filename":"img_062.jpg","size":30301,"regions":[{"shape_attributes":{"name":"rect","x":171,"y":19,"width":76,"height":159},"region_attributes":{"class":"Front"}}],"file_attributes":{}},"img_063.jpg29142":{"filename":"img_063.jpg","size":29142,"regions":[{"shape_attributes":{"name":"rect","x":149,"y":16,"width":71,"height":103},"region_attributes":{"class":"Front"}}],"file_attributes":{}},"img_064.jpg29325":{"filename":"img_064.jpg","size":29325,"regions":[{"shape_attributes":{"name":"rect","x":123,"y":51,"width":137,"height":231},"region_attributes":{"class":"Front"}}],"file_attributes":{}},"img_065.jpg38422":{"filename":"img_065.jpg","size":38422,"regions":[{"shape_attributes":{"name":"rect","x":122,"y":18,"width":117,"height":216},"region_attributes":{"class":"Front"}}],"file_attributes":{}},"img_066.jpg29670":{"filename":"img_066.jpg","size":29670,"regions":[{"shape_attributes":{"name":"rect","x":106,"y":45,"width":143,"height":255},"region_attributes":{"class":"Front"}}],"file_attributes":{}},"img_067.jpg33787":{"filename":"img_067.jpg","size":33787,"regions":[{"shape_attributes":{"name":"rect","x":123,"y":28,"width":86,"height":140},"region_attributes":{"class":"Front"}}],"file_attributes":{}},"img_068.jpg38287":{"filename":"img_068.jpg","size":38287,"regions":[{"shape_attributes":{"name":"rect","x":48,"y":21,"width":155,"height":265},"region_attributes":{"class":"Right"}}],"file_attributes":{}},"img_069.jpg30076":{"filename":"img_069.jpg","size":30076,"regions":[{"shape_attributes":{"name":"rect","x":221,"y":41,"width":78,"height":139},"region_attributes":{"class":"Front"}}],"file_attributes":{}},"img_070.jpg22216":{"filename":"img_070.jpg","size":22216,"regions":[{"shape_attributes":{"name":"rect","x":217,"y":19,"width":125,"height":212},"region_attributes":{"class":"Front"}}],"file_attributes":{}},"img_071.jpg37997":{"filename":"img_071.jpg","size":37997,"regions":[{"shape_attributes":{"name":"rect","x":119,"y":12,"width":147,"height":264},"region_attributes":{"class":"Front"}}],"file_attributes":{}},"img_072.jpg51652":{"filename":"img_072.jpg","size":51652,"regions":[{"shape_attributes":{"name":"rect","x":225,"y":12,"width":81,"height":139},"region_attributes":{"class":"Front"}}],"file_attributes":{}},"img_073.jpg41084":{"filename":"img_073.jpg","size":41084,"regions":[{"shape_attributes":{"name":"rect","x":134,"y":51,"width":78,"height":104},"region_attributes":{"class":"Right"}}],"file_attributes":{}},"img_074.jpg33587":{"filename":"img_074.jpg","size":33587,"regions":[{"shape_attributes":{"name":"rect","x":161,"y":18,"width":169,"height":294},"region_attributes":{"class":"Front"}}],"file_attributes":{}},"img_075.jpg25215":{"filename":"img_075.jpg","size":25215,"regions":[{"shape_attributes":{"name":"rect","x":165,"y":16,"width":152,"height":233},"region_attributes":{"class":"Left"}}],"file_attributes":{}},"img_076.jpg38178":{"filename":"img_076.jpg","size":38178,"regions":[{"shape_attributes":{"name":"rect","x":99,"y":26,"width":173,"height":217},"region_attributes":{"class":"Left"}}],"file_attributes":{}},"img_077.jpg25076":{"filename":"img_077.jpg","size":25076,"regions":[{"shape_attributes":{"name":"rect","x":80,"y":45,"width":179,"height":223},"region_attributes":{"class":"DownRight"}},{"shape_attributes":{"name":"rect","x":228,"y":0,"width":132,"height":160},"region_attributes":{"class":"Right"}}],"file_attributes":{}},"img_078.jpg33713":{"filename":"img_078.jpg","size":33713,"regions":[{"shape_attributes":{"name":"rect","x":151,"y":1,"width":220,"height":317},"region_attributes":{"class":"Right"}}],"file_attributes":{}},"img_079.jpg15934":{"filename":"img_079.jpg","size":15934,"regions":[{"shape_attributes":{"name":"rect","x":79,"y":-1,"width":214,"height":394},"region_attributes":{"class":"DownLeft"}}],"file_attributes":{}},"img_080.jpg33801":{"filename":"img_080.jpg","size":33801,"regions":[{"shape_attributes":{"name":"rect","x":138,"y":13,"width":113,"height":281},"region_attributes":{"class":"Left"}}],"file_attributes":{}},"img_081.jpg22098":{"filename":"img_081.jpg","size":22098,"regions":[{"shape_attributes":{"name":"rect","x":119,"y":63,"width":174,"height":286},"region_attributes":{"class":"Front"}}],"file_attributes":{}},"img_082.jpg26918":{"filename":"img_082.jpg","size":26918,"regions":[{"shape_attributes":{"name":"rect","x":83,"y":17,"width":131,"height":276},"region_attributes":{"class":"Front"}}],"file_attributes":{}},"img_083.jpg29872":{"filename":"img_083.jpg","size":29872,"regions":[{"shape_attributes":{"name":"rect","x":57,"y":-1,"width":239,"height":397},"region_attributes":{"class":"Front"}}],"file_attributes":{}},"img_084.jpg35046":{"filename":"img_084.jpg","size":35046,"regions":[{"shape_attributes":{"name":"rect","x":81,"y":6,"width":126,"height":175},"region_attributes":{"class":"DownRight"}},{"shape_attributes":{"name":"rect","x":205,"y":26,"width":92,"height":150},"region_attributes":{"class":"Front"}}],"file_attributes":{}},"img_085.jpg32082":{"filename":"img_085.jpg","size":32082,"regions":[{"shape_attributes":{"name":"rect","x":198,"y":62,"width":112,"height":183},"region_attributes":{"class":"Down"}}],"file_attributes":{}},"img_086.jpg41224":{"filename":"img_086.jpg","size":41224,"regions":[{"shape_attributes":{"name":"rect","x":72,"y":30,"width":57,"height":81},"region_attributes":{"class":"Right"}},{"shape_attributes":{"name":"rect","x":165,"y":31,"width":54,"height":78},"region_attributes":{"class":"Front"}},{"shape_attributes":{"name":"rect","x":220,"y":38,"width":56,"height":78},"region_attributes":{"class":"Front"}},{"shape_attributes":{"name":"rect","x":291,"y":10,"width":66,"height":87},"region_attributes":{"class":"Front"}}],"file_attributes":{}},"img_087.jpg22603":{"filename":"img_087.jpg","size":22603,"regions":[{"shape_attributes":{"name":"rect","x":193,"y":11,"width":126,"height":238},"region_attributes":{"class":"DownRight"}}],"file_attributes":{}},"img_088.jpg45751":{"filename":"img_088.jpg","size":45751,"regions":[{"shape_attributes":{"name":"rect","x":178,"y":14,"width":131,"height":277},"region_attributes":{"class":"Left"}}],"file_attributes":{}},"img_089.jpg33547":{"filename":"img_089.jpg","size":33547,"regions":[{"shape_attributes":{"name":"rect","x":161,"y":20,"width":96,"height":168},"region_attributes":{"class":"Down"}}],"file_attributes":{}},"img_090.jpg50927":{"filename":"img_090.jpg","size":50927,"regions":[{"shape_attributes":{"name":"rect","x":335,"y":24,"width":63,"height":89},"region_attributes":{"class":"UpLeft"}}],"file_attributes":{}},"img_091.jpg50473":{"filename":"img_091.jpg","size":50473,"regions":[{"shape_attributes":{"name":"rect","x":119,"y":27,"width":111,"height":172},"region_attributes":{"class":"Right"}}],"file_attributes":{}},"img_092.jpg30847":{"filename":"img_092.jpg","size":30847,"regions":[{"shape_attributes":{"name":"rect","x":174,"y":16,"width":101,"height":132},"region_attributes":{"class":"Left"}}],"file_attributes":{}},"img_093.jpg31365":{"filename":"img_093.jpg","size":31365,"regions":[{"shape_attributes":{"name":"rect","x":106,"y":4,"width":74,"height":141},"region_attributes":{"class":"Down"}},{"shape_attributes":{"name":"rect","x":253,"y":261,"width":79,"height":100},"region_attributes":{"class":"Up"}}],"file_attributes":{}},"img_094.jpg45399":{"filename":"img_094.jpg","size":45399,"regions":[{"shape_attributes":{"name":"rect","x":194,"y":11,"width":74,"height":79},"region_attributes":{"class":"Right"}}],"file_attributes":{}},"img_095.jpg37463":{"filename":"img_095.jpg","size":37463,"regions":[{"shape_attributes":{"name":"rect","x":142,"y":8,"width":103,"height":129},"region_attributes":{"class":"DownRight"}}],"file_attributes":{}},"img_096.jpg32048":{"filename":"img_096.jpg","size":32048,"regions":[{"shape_attributes":{"name":"rect","x":146,"y":124,"width":98,"height":136},"region_attributes":{"class":"Right"}},{"shape_attributes":{"name":"rect","x":3,"y":90,"width":69,"height":107},"region_attributes":{"class":"Right"}}],"file_attributes":{}},"img_097.jpg35628":{"filename":"img_097.jpg","size":35628,"regions":[{"shape_attributes":{"name":"rect","x":217,"y":-1,"width":87,"height":115},"region_attributes":{"class":"Left"}}],"file_attributes":{}},"img_098.jpg61996":{"filename":"img_098.jpg","size":61996,"regions":[{"shape_attributes":{"name":"rect","x":75,"y":52,"width":44,"height":84},"region_attributes":{"class":"Front"}},{"shape_attributes":{"name":"rect","x":276,"y":9,"width":51,"height":89},"region_attributes":{"class":"Left"}}],"file_attributes":{}},"img_099.jpg28947":{"filename":"img_099.jpg","size":28947,"regions":[{"shape_attributes":{"name":"rect","x":107,"y":154,"width":147,"height":244},"region_attributes":{"class":"Up"}}],"file_attributes":{}},"img_100.jpg28158":{"filename":"img_100.jpg","size":28158,"regions":[{"shape_attributes":{"name":"rect","x":208,"y":44,"width":60,"height":88},"region_attributes":{"class":"Left"}}],"file_attributes":{}},"img_101.jpg36985":{"filename":"img_101.jpg","size":36985,"regions":[{"shape_attributes":{"name":"rect","x":152,"y":7,"width":92,"height":170},"region_attributes":{"class":"DownRight"}},{"shape_attributes":{"name":"rect","x":327,"y":47,"width":72,"height":182},"region_attributes":{"class":"Back"}}],"file_attributes":{}},"img_102.jpg33697":{"filename":"img_102.jpg","size":33697,"regions":[{"shape_attributes":{"name":"rect","x":82,"y":35,"width":131,"height":251},"region_attributes":{"class":"Front"}}],"file_attributes":{}},"img_103.jpg29283":{"filename":"img_103.jpg","size":29283,"regions":[{"shape_attributes":{"name":"rect","x":247,"y":59,"width":98,"height":172},"region_attributes":{"class":"Front"}}],"file_attributes":{}},"img_104.jpg36947":{"filename":"img_104.jpg","size":36947,"regions":[{"shape_attributes":{"name":"rect","x":105,"y":107,"width":125,"height":156},"region_attributes":{"class":"Front"}}],"file_attributes":{}},"img_105.jpg35758":{"filename":"img_105.jpg","size":35758,"regions":[{"shape_attributes":{"name":"rect","x":124,"y":13,"width":154,"height":174},"region_attributes":{"class":"Up"}}],"file_attributes":{}},"img_106.jpg26547":{"filename":"img_106.jpg","size":26547,"regions":[{"shape_attributes":{"name":"rect","x":103,"y":7,"width":202,"height":390},"region_attributes":{"class":"Up"}}],"file_attributes":{}},"img_107.jpg24545":{"filename":"img_107.jpg","size":24545,"regions":[{"shape_attributes":{"name":"rect","x":37,"y":12,"width":306,"height":290},"region_attributes":{"class":"Up"}}],"file_attributes":{}},"img_108.jpg25282":{"filename":"img_108.jpg","size":25282,"regions":[{"shape_attributes":{"name":"rect","x":180,"y":24,"width":179,"height":274},"region_attributes":{"class":"Up"}}],"file_attributes":{}},"img_109.jpg46828":{"filename":"img_109.jpg","size":46828,"regions":[{"shape_attributes":{"name":"rect","x":107,"y":13,"width":194,"height":160},"region_attributes":{"class":"Back"}}],"file_attributes":{}},"img_110.jpg36993":{"filename":"img_110.jpg","size":36993,"regions":[{"shape_attributes":{"name":"rect","x":68,"y":23,"width":244,"height":237},"region_attributes":{"class":"Back"}}],"file_attributes":{}},"img_111.jpg20847":{"filename":"img_111.jpg","size":20847,"regions":[{"shape_attributes":{"name":"rect","x":110,"y":37,"width":184,"height":283},"region_attributes":{"class":"Back"}}],"file_attributes":{}},"img_112.jpg37943":{"filename":"img_112.jpg","size":37943,"regions":[{"shape_attributes":{"name":"rect","x":73,"y":17,"width":231,"height":293},"region_attributes":{"class":"Back"}}],"file_attributes":{}}}